{
    "MNIST": {
        "FashionMNIST": 8575797.0,
        "EMNIST": 39033.671875,
        "KMNIST": 122799.265625,
        "USPS": 663652.9375,
        "MNIST": 0.0
    },
    "FashionMNIST": {
        "EMNIST": 8553021.0,
        "KMNIST": 8477095.0,
        "USPS": 8147380.0,
        "MNIST": 8575797.0,
        "FashionMNIST": 0.0
    },
    "EMNIST": {
        "KMNIST": 103267.5078125,
        "USPS": 632761.0,
        "MNIST": 39033.671875,
        "FashionMNIST": 8553021.0,
        "EMNIST": 0.0
    },
    "KMNIST": {
        "USPS": 586265.125,
        "MNIST": 122799.265625,
        "FashionMNIST": 8477095.0,
        "EMNIST": 103267.5078125,
        "KMNIST": 0.0
    },
    "USPS": {
        "MNIST": 663652.9375,
        "FashionMNIST": 8147380.0,
        "EMNIST": 632761.0,
        "KMNIST": 586265.125,
        "USPS": 0.0
    }
}