{
    "MNIST": 0.9888,
    "FMNIST": 0.8944,
    "EMNIST": 0.96725,
    "KMNIST": 0.9332,
    "USPS": 0.9566517189835575
}