{
    "FMNIST": {
        "MNIST": 0.9719,
        "EMNIST": 0.9265,
        "KMNIST": 0.8443,
        "USPS": 0.9307424015944196
    },
    "EMNIST": {
        "MNIST": 0.9843,
        "FMNIST": 0.8511,
        "KMNIST": 0.8797,
        "USPS": 0.9387144992526159
    },
    "KMNIST": {
        "MNIST": 0.9841,
        "FMNIST": 0.8515,
        "EMNIST": 0.95025,
        "USPS": 0.9382162431489786
    },
    "USPS": {
        "MNIST": 0.98,
        "FMNIST": 0.8347,
        "EMNIST": 0.941625,
        "KMNIST": 0.8674
    },
    "MNIST": {
        "FMNIST": 0.8401,
        "EMNIST": 0.944125,
        "KMNIST": 0.8818,
        "USPS": 0.9461883408071748
    }
}