{
    "MNIST": 0.9685,
    "FMNIST": 0.8387,
    "EMNIST": 0.8419711538461538,
    "KMNIST": 0.8213,
    "USPS": 0.9322371699053313
}