{
    "FMNIST": {
        "MNIST": 0.9806,
        "EMNIST": 0.8823557692307692,
        "KMNIST": 0.8935,
        "USPS": 0.9466865969108121
    },
    "EMNIST": {
        "MNIST": 0.9891,
        "FMNIST": 0.8556,
        "KMNIST": 0.9144,
        "USPS": 0.9516691579471849
    },
    "KMNIST": {
        "MNIST": 0.986,
        "FMNIST": 0.8713,
        "EMNIST": 0.899375,
        "USPS": 0.9566517189835575
    },
    "USPS": {
        "MNIST": 0.985,
        "FMNIST": 0.8516,
        "EMNIST": 0.8871634615384615,
        "KMNIST": 0.897
    },
    "MNIST": {
        "FMNIST": 0.8475,
        "EMNIST": 0.8992307692307693,
        "KMNIST": 0.8968,
        "USPS": 0.9496761335326358
    }
}