{
    "MNIST": {
        "MNIST": 0,
        "FMNIST": 1260.603515625,
        "EMNIST": 937.2686157226562,
        "KMNIST": 1171.6881103515625,
        "USPS": 944.24072265625
    },
    "FMNIST": {
        "MNIST": 1260.603515625,
        "FMNIST": 0,
        "EMNIST": 1197.6585693359375,
        "KMNIST": 1279.93994140625,
        "USPS": 793.6634521484375
    },
    "EMNIST": {
        "MNIST": 937.2686157226562,
        "FMNIST": 1197.6585693359375,
        "EMNIST": 0,
        "KMNIST": 1171.9189453125,
        "USPS": 1017.0578002929688
    },
    "KMNIST": {
        "MNIST": 1171.6881103515625,
        "FMNIST": 1279.93994140625,
        "EMNIST": 1171.9189453125,
        "KMNIST": 0,
        "USPS": 996.9383544921875
    },
    "USPS": {
        "MNIST": 944.24072265625,
        "FMNIST": 793.6634521484375,
        "EMNIST": 1017.0578002929688,
        "KMNIST": 996.9383544921875,
        "USPS": 0
    }
}