{
    "MNIST": {
        "MNIST": 0,
        "FMNIST": 1251.00341796875,
        "EMNIST": 927.369384765625,
        "KMNIST": 1195.45947265625,
        "USPS": 958.7709350585938
    },
    "FMNIST": {
        "MNIST": 1251.00341796875,
        "FMNIST": 0,
        "EMNIST": 1182.368896484375,
        "KMNIST": 1297.5411376953125,
        "USPS": 814.984619140625
    },
    "EMNIST": {
        "MNIST": 927.369384765625,
        "FMNIST": 1182.368896484375,
        "EMNIST": 0,
        "KMNIST": 1188.27978515625,
        "USPS": 1003.3182373046875
    },
    "KMNIST": {
        "MNIST": 1195.45947265625,
        "FMNIST": 1297.5411376953125,
        "EMNIST": 1188.27978515625,
        "KMNIST": 0,
        "USPS": 1013.0541381835938
    },
    "USPS": {
        "MNIST": 958.7709350585938,
        "FMNIST": 814.984619140625,
        "EMNIST": 1003.3182373046875,
        "KMNIST": 1013.0541381835938,
        "USPS": 0
    }
}