{
    "MNIST": {
        "MNIST": 0,
        "FMNIST": 1234.461669921875,
        "EMNIST": 861.5350341796875,
        "KMNIST": 1139.931640625,
        "USPS": 909.0000610351562
    },
    "FMNIST": {
        "MNIST": 1234.461669921875,
        "FMNIST": 0,
        "EMNIST": 1149.9573974609375,
        "KMNIST": 1251.1591796875,
        "USPS": 772.8731689453125
    },
    "EMNIST": {
        "MNIST": 861.5350341796875,
        "FMNIST": 1149.9573974609375,
        "EMNIST": 0,
        "KMNIST": 1114.57373046875,
        "USPS": 954.550048828125
    },
    "KMNIST": {
        "MNIST": 1139.931640625,
        "FMNIST": 1251.1591796875,
        "EMNIST": 1114.57373046875,
        "KMNIST": 0,
        "USPS": 964.796875
    },
    "USPS": {
        "MNIST": 909.0000610351562,
        "FMNIST": 772.8731689453125,
        "EMNIST": 954.550048828125,
        "KMNIST": 964.796875,
        "USPS": 0
    }
}