{
    "AG_NEWS": {
        "DBpedia": 316.35986328125,
        "YelpReviewPolarity": 291.5782470703125,
        "YelpReviewFull": 295.1505126953125,
        "YahooAnswers": 297.0157470703125,
        "AmazonReviewPolarity": 302.28082275390625,
        "AmazonReviewFull": 305.58282470703125
    },
    "DBpedia": {
        "YelpReviewPolarity": 352.9388427734375,
        "YelpReviewFull": 352.2210693359375,
        "YahooAnswers": 317.68475341796875,
        "AmazonReviewPolarity": 317.1046142578125,
        "AmazonReviewFull": 315.593017578125
    },
    "YelpReviewPolarity": {
        "YelpReviewFull": 177.17129516601562,
        "YahooAnswers": 300.1788024902344,
        "AmazonReviewPolarity": 284.8039855957031,
        "AmazonReviewFull": 289.09649658203125
    },
    "YelpReviewFull": {
        "YahooAnswers": 301.5924987792969,
        "AmazonReviewPolarity": 286.96844482421875,
        "AmazonReviewFull": 289.5118408203125
    },
    "YahooAnswers": {
        "AmazonReviewPolarity": 309.2785339355469,
        "AmazonReviewFull": 310.4967956542969
    },
    "AmazonReviewPolarity": {
        "AmazonReviewFull": 198.81341552734375
    }
}